<?xml version="1.0" encoding="UTF-8" standalone="yes"?>
<addon id="plugin.video.tv-release"
       name="Tv-release...XBMCHUB.COM"
       version="0.0.3alpha"
       provider-name="Jas0npc">
  <requires>
    <import addon="xbmc.python" version="2.0"/>
    <import addon="script.module.t0mm0.common" version="1.1.0"/>
  </requires>
  <extension point="xbmc.python.pluginsource"
            library="default.py">
        <provides>video</provides>
  </extension>
  <extension point="xbmc.addon.metadata">
    <summary lang="en">Tv-release</summary>
    <description lang="en">Tv-release.....Official Support....XBMCHUB.COM. DONT FORGET THIS IS AN ALPHA RELEASE, THERE WILL BE BUGS... THANKS TO THE GREAT DEVS ON THE XBMCHUB THAT ENCOURAGE AND HELP.</description>
    <platform>all</platform>
  </extension>
</addon>
