<?xml version="1.0" encoding="UTF-8" standalone="yes"?>
<addon id="repository.Jas0npc" name="Jas0n`s REPO" version="1.0" provider-name="Jas0n`s">
	<extension point="xbmc.addon.repository" name="Jas0n`s Addon Repository">
		<info compressed="false">http://dl.dropbox.com/u/94360623/My-Repo/addons.xml</info>
		<checksum>http://dl.dropbox.com/u/94360623/My-Repo/addons.xml.md5</checksum>
		<datadir zip="true">http://dl.dropbox.com/u/94360623/My-Repo/zips</datadir>
	</extension>
	<extension point="xbmc.addon.metadata">
		<summary>Install MY Addons</summary>
		<description>Download and install addons from Jas0n`s Repo, DONT FORGET MY ADDONS RELEASED AS AN ALPHA.......For OFFICIAL !! Support Visit XBMCHUB.COM</description>
		<platform>all</platform>
	</extension>
</addon>

