<?xml version="1.0" encoding="UTF-8" standalone="yes"?>
<addon id="plugin.video.movie105"
       name="Movie105 @[COLOR blue]XBMCHUB.COM[/COLOR]"
       version="0.3"
       provider-name="Jas0npc">
  <requires>
        <import addon="xbmc.python" version="2.0"/>
        <import addon="script.module.urlresolver" version="1.0.3"/>
        <import addon="script.module.t0mm0.common" version="1.1.0"/>
		<import addon="script.module.metahandler" version="1.0.1"/>
		<import addon="script.module.beautifulsoup"/>
  </requires>
  <extension point="xbmc.python.pluginsource"
            library="default.py">
        <provides>video</provides>
  </extension>
  <extension point="xbmc.addon.metadata">
    <summary lang="en">Movie105</summary>
    <description lang="en">Movie105, Hollywood, Bollywood, Hindi Dubbed movies and Tv serials from Movie105.com</description>
    <platform>all</platform>
  </extension>
</addon>
