<?xml version="1.0" encoding="UTF-8" standalone="yes"?>
<addon id="repository.Jas0npc" name="Jas0n`s REPO" version="1.2" provider-name="Jas0n`s">
	<extension point="xbmc.addon.repository" name="Jas0n`s Addon Repository">
		<info compressed="false">http://jas0npc-xbmc-repository.googlecode.com/svn/trunk/addons.xml</info>
		<checksum>http://jas0npc-xbmc-repository.googlecode.com/svn/trunk/addons.xml.md5</checksum>
		<datadir zip="true">http://jas0npc-xbmc-repository.googlecode.com/svn/trunk/zips</datadir>
	</extension>
	<extension point="xbmc.addon.metadata">
		<summary>Install MY Addons</summary>
		<description>Download and install addons from Jas0n`s Repo, DONT FORGET TO COME TO XBMCHUB.COM .For OFFICIAL !! Support Visit XBMCHUB.COM</description>
		<platform>all</platform>
	</extension>
</addon>