<?xml version="1.0" encoding="UTF-8"?>
<addon id="plugin.video.OCM" version="0.0.1" name="OneClickMoviez V2 [COLOR blue]@XBMCHUB.COM[/COLOR]" provider-name="Recoded by Jas0npc">
    <requires>
        <import addon="xbmc.python" version="1.0"/>
        <import addon="script.module.t0mm0.common" version="0.0.1"/>
        <import addon="script.module.urlresolver" version="0.0.1"/>
        <import addon="script.module.metahandler" version="1.0.0"/>
    </requires>
    <extension point="xbmc.python.pluginsource" library="default.py">
        <provides>video</provides>
    </extension>
    <extension point="xbmc.addon.metadata">
        <summary>Browse oneclickmoviez</summary>
        <description>Play a wide selection of movies from oneclickmoviez, I have recoded this to run on xbmc Frodo.</description>
        <platform>all</platform>
    </extension>
</addon>